product,fold,model,MAE,RMSE,MAPE_%
Barley,1,lightgbm_direct,263.4038705095073,315.48620521828684,12.145907991981366
Barley,1,baseline_seasonal_naive,335.03846153846155,376.14739848178584,15.748918216777238
Barley,2,lightgbm_direct,221.5720171435624,317.67232472085175,9.625719231801318
Barley,2,baseline_seasonal_naive,280.5576923076923,344.4841600690248,13.105335103900897
Barley,3,lightgbm_direct,412.87963682120824,480.8406593742646,16.60845845140237
Barley,3,baseline_seasonal_naive,380.5,469.56612543266596,15.678041219580821
Canned Tomatoes,1,lightgbm_direct,242.32415357660557,278.2917230561988,12.768162492208829
Canned Tomatoes,1,baseline_seasonal_naive,297.78846153846155,353.84917745363686,15.361432715904586
Canned Tomatoes,2,lightgbm_direct,226.25224360901672,275.0805914834783,11.787017820796072
Canned Tomatoes,2,baseline_seasonal_naive,206.8653846153846,267.79220201779304,11.227342977179823
Canned Tomatoes,3,lightgbm_direct,233.07201312901438,297.9255740157298,11.17112219735574
Canned Tomatoes,3,baseline_seasonal_naive,296.0576923076923,374.0745632172199,15.06746192201993
Canned Tuna,1,lightgbm_direct,279.21199257469675,333.24001095035874,12.215408662498922
Canned Tuna,1,baseline_seasonal_naive,346.7692307692308,421.94036673080126,15.43371282121188
Canned Tuna,2,lightgbm_direct,215.71520005270253,271.80271573096843,8.898795143407735
Canned Tuna,2,baseline_seasonal_naive,327.90384615384613,405.3744826131094,13.236753473468685
Canned Tuna,3,lightgbm_direct,338.5931759719563,419.0106139045771,12.583031498996997
Canned Tuna,3,baseline_seasonal_naive,364.8589743589743,473.98995400295826,13.923741783518057
Chickpeas,1,lightgbm_direct,90.35903762864336,110.20116031481116,10.93527461381186
Chickpeas,1,baseline_seasonal_naive,126.0576923076923,146.48723362595328,13.996566115488301
Chickpeas,2,lightgbm_direct,140.14565134705188,178.4394128439029,18.715428842980902
Chickpeas,2,baseline_seasonal_naive,130.57692307692307,157.72730849841395,16.791566333793273
Chickpeas,3,lightgbm_direct,121.22393751434916,151.80581566330386,12.604554067100066
Chickpeas,3,baseline_seasonal_naive,167.71153846153845,210.83006737107567,17.40845187963913
Cocoa Powder,1,lightgbm_direct,240.24182401151432,287.0953184544259,16.451645855098047
Cocoa Powder,1,baseline_seasonal_naive,204.8846153846154,276.5662738769025,13.393157504212525
Cocoa Powder,2,lightgbm_direct,211.01481780819282,233.8055275283381,13.123868948957822
Cocoa Powder,2,baseline_seasonal_naive,228.82692307692307,266.8352451924653,13.396120987782131
Cocoa Powder,3,lightgbm_direct,200.16687447549955,259.99005990736777,11.27772544168277
Cocoa Powder,3,baseline_seasonal_naive,233.82692307692307,281.9007428974848,13.82421034920048
Coffee - Arabica,1,lightgbm_direct,190.19796365441513,235.83293313934396,10.039783697486536
Coffee - Arabica,1,baseline_seasonal_naive,192.5,229.20411815187305,9.77927042432606
Coffee - Arabica,2,lightgbm_direct,153.41458711274623,213.42272638357974,7.49987006341387
Coffee - Arabica,2,baseline_seasonal_naive,199.90384615384616,265.5477104749004,9.827858789114968
Coffee - Arabica,3,lightgbm_direct,272.08300019613984,351.19283317784965,12.922404069043386
Coffee - Arabica,3,baseline_seasonal_naive,244.25,331.04567718762826,12.33444995127254
Coffee - Robusta,1,lightgbm_direct,167.175984482921,211.37999934777656,12.439379167272199
Coffee - Robusta,1,baseline_seasonal_naive,195.42307692307693,233.20406217599344,14.980173485135637
Coffee - Robusta,2,lightgbm_direct,178.8044152860872,215.00718100516548,13.458848338880044
Coffee - Robusta,2,baseline_seasonal_naive,231.80769230769232,280.81009186335825,17.63899588677374
Coffee - Robusta,3,lightgbm_direct,191.9011167275358,224.94186355583895,13.397417205558243
Coffee - Robusta,3,baseline_seasonal_naive,208.53846153846155,265.26003207302944,15.21004901249579
Corn,1,lightgbm_direct,193.64142386811727,233.64679708999378,9.915265359381253
Corn,1,baseline_seasonal_naive,275.3076923076923,315.4004780250999,14.097945173853363
Corn,2,lightgbm_direct,234.90769545677492,296.5024138390473,12.687706917855015
Corn,2,baseline_seasonal_naive,304.7692307692308,344.0515670204552,15.792076495218287
Corn,3,lightgbm_direct,253.78659039979433,338.852454087469,11.799421930836953
Corn,3,baseline_seasonal_naive,342.96153846153845,446.4226610597768,16.258548354341887
Flour - All Purpose,1,lightgbm_direct,96.9994323349481,130.43293151750274,8.357766875499507
Flour - All Purpose,1,baseline_seasonal_naive,156.21153846153845,184.01444863839444,13.858451382494852
Flour - All Purpose,2,lightgbm_direct,111.09626100271704,134.27258685009633,8.943276277701544
Flour - All Purpose,2,baseline_seasonal_naive,146.24358974358975,174.2234663853186,12.519759146405365
Flour - All Purpose,3,lightgbm_direct,119.71707152218852,151.78348729816787,10.091743078744136
Flour - All Purpose,3,baseline_seasonal_naive,126.86538461538461,173.36287038769237,10.760573807141178
Lentils - Green,1,lightgbm_direct,250.0894764616739,337.9064994083367,10.07709467419539
Lentils - Green,1,baseline_seasonal_naive,279.4807692307692,335.77500766023485,11.467912605727854
Lentils - Green,2,lightgbm_direct,281.0189326250069,338.3579088016273,11.60558754003346
Lentils - Green,2,baseline_seasonal_naive,292.71153846153845,355.35687641494235,12.004797997266278
Lentils - Green,3,lightgbm_direct,354.05985343425465,414.30603624691844,13.703958249265465
Lentils - Green,3,baseline_seasonal_naive,361.5,471.8525886170546,14.405657710580536
Lentils - Red,1,lightgbm_direct,216.33612589568116,260.3811810442418,14.48548819264222
Lentils - Red,1,baseline_seasonal_naive,300.63461538461536,387.8833986946412,20.346806583997704
Lentils - Red,2,lightgbm_direct,194.60841435873058,227.5428034254072,13.187712743668675
Lentils - Red,2,baseline_seasonal_naive,230.6346153846154,293.5072856155392,15.206533658011667
Lentils - Red,3,lightgbm_direct,158.3055894443391,198.87780282185716,10.300519492531828
Lentils - Red,3,baseline_seasonal_naive,201.01923076923077,248.16969526832372,12.958158115612573
Milk Powder - Skimmed,1,lightgbm_direct,311.7022081133887,391.73198371870444,14.353679024654367
Milk Powder - Skimmed,1,baseline_seasonal_naive,351.0576923076923,439.13136504835404,15.838839955837333
Milk Powder - Skimmed,2,lightgbm_direct,316.4859588052743,390.0133372167054,13.337934479858038
Milk Powder - Skimmed,2,baseline_seasonal_naive,391.13461538461536,497.6097965428179,16.646281283687298
Milk Powder - Skimmed,3,lightgbm_direct,265.7825788842055,339.871049753545,12.212367192877881
Milk Powder - Skimmed,3,baseline_seasonal_naive,306.8076923076923,389.5677338163021,13.7888513347781
Milk Powder - Whole,1,lightgbm_direct,200.01640930757318,222.83016749126733,32.486692543450665
Milk Powder - Whole,1,baseline_seasonal_naive,110.61538461538461,133.23576558405492,16.733888320153945
Milk Powder - Whole,2,lightgbm_direct,69.97610320083965,87.9909143646614,11.061062743277686
Milk Powder - Whole,2,baseline_seasonal_naive,80.32692307692308,95.46218542519256,12.182546468765056
Milk Powder - Whole,3,lightgbm_direct,110.20697564599969,136.47340033436964,15.723335034148429
Milk Powder - Whole,3,baseline_seasonal_naive,103.26923076923077,129.34189933303486,14.505840498901456
Oats,1,lightgbm_direct,249.01371722489,306.9610415448628,11.331992721017164
Oats,1,baseline_seasonal_naive,334.0576923076923,416.3962725208173,14.97161130500386
Oats,2,lightgbm_direct,312.66714125416576,363.9315556692177,14.783908522559166
Oats,2,baseline_seasonal_naive,373.59615384615387,441.91318108355244,17.268512083500333
Oats,3,lightgbm_direct,231.81890491114757,274.0581280567165,9.69489539871964
Oats,3,baseline_seasonal_naive,323.6923076923077,390.6465547899159,13.755240718036028
Palm Oil,1,lightgbm_direct,267.8571837535495,324.68142997945097,15.396053553331473
Palm Oil,1,baseline_seasonal_naive,211.73076923076923,256.45969843832563,12.73809161762625
Palm Oil,2,lightgbm_direct,281.27052087464483,342.95519149648237,14.995156930685798
Palm Oil,2,baseline_seasonal_naive,288.61538461538464,342.28016527175737,15.764696165976078
Palm Oil,3,lightgbm_direct,187.89329962110995,245.39386465749712,11.037904929419748
Palm Oil,3,baseline_seasonal_naive,241.73717948717947,322.3366892541341,14.481144488469072
Pasta - Spaghetti,1,lightgbm_direct,381.04010595531753,445.40592799657253,15.74525704547082
Pasta - Spaghetti,1,baseline_seasonal_naive,383.5,458.2086776870254,16.283932277960346
Pasta - Spaghetti,2,lightgbm_direct,269.10785742668793,379.0052085621797,10.496133366667365
Pasta - Spaghetti,2,baseline_seasonal_naive,432.90384615384613,508.6757411312089,18.075322745733942
Pasta - Spaghetti,3,lightgbm_direct,331.743785737633,430.2432214519521,12.165335068320735
Pasta - Spaghetti,3,baseline_seasonal_naive,284.6474358974359,337.5754885504655,11.125923969470621
Rice - Basmati,1,lightgbm_direct,112.67393812425819,153.37338949043522,9.647709291587232
Rice - Basmati,1,baseline_seasonal_naive,153.57051282051282,183.7274638776304,13.577393447814549
Rice - Basmati,2,lightgbm_direct,126.62550443831687,149.0543450990292,12.670924382998452
Rice - Basmati,2,baseline_seasonal_naive,155.07692307692307,187.62241018444146,14.430838808207572
Rice - Basmati,3,lightgbm_direct,155.86090781733904,171.90184441048063,15.181613786451443
Rice - Basmati,3,baseline_seasonal_naive,122.42307692307692,151.35509698921732,11.385231734715715
Rice - White,1,lightgbm_direct,286.82844126843264,339.54640206307334,14.871211025923515
Rice - White,1,baseline_seasonal_naive,344.8076923076923,433.24606862948684,17.59801946401064
Rice - White,2,lightgbm_direct,230.97997303716042,275.960090910061,11.682053968727416
Rice - White,2,baseline_seasonal_naive,270.71153846153845,328.91454641920876,13.646249189731114
Rice - White,3,lightgbm_direct,165.64147689444462,200.76351289138248,9.00605246668153
Rice - White,3,baseline_seasonal_naive,299.90384615384613,376.4360608469689,15.95992814160243
Salt - Iodized,1,lightgbm_direct,274.1973839748931,343.0777433268922,12.54218220650563
Salt - Iodized,1,baseline_seasonal_naive,313.2692307692308,400.52573889997075,14.183677569565805
Salt - Iodized,2,lightgbm_direct,275.20221146264527,363.33468066046555,10.867664418079416
Salt - Iodized,2,baseline_seasonal_naive,414.9807692307692,485.44205887146563,16.869686996709106
Salt - Iodized,3,lightgbm_direct,251.162879931231,295.6245239398062,10.27079506940259
Salt - Iodized,3,baseline_seasonal_naive,351.3910256410257,430.3894243867194,14.57362311933126
Soybean Oil,1,lightgbm_direct,265.13496090625864,321.4006569974698,14.56959907740332
Soybean Oil,1,baseline_seasonal_naive,282.9807692307692,353.0531530041246,15.490086337006831
Soybean Oil,2,lightgbm_direct,171.7877766215918,217.62734755889173,9.6177159021768
Soybean Oil,2,baseline_seasonal_naive,204.5,253.1235636236549,11.68019648209771
Soybean Oil,3,lightgbm_direct,236.07513628727003,319.8248153855387,12.369123251130967
Soybean Oil,3,baseline_seasonal_naive,317.03846153846155,404.1275027284563,16.465888451992154
Spices - Black Pepper,1,lightgbm_direct,218.7912296920493,295.12840454341034,11.756740388540848
Spices - Black Pepper,1,baseline_seasonal_naive,244.59615384615384,303.4696949766661,13.91764140365991
Spices - Black Pepper,2,lightgbm_direct,213.83851389109265,277.3703535563727,10.935144065292754
Spices - Black Pepper,2,baseline_seasonal_naive,298.2692307692308,354.808209297101,15.320478573182694
Spices - Black Pepper,3,lightgbm_direct,334.773940248085,397.9468786722703,15.568807503479773
Spices - Black Pepper,3,baseline_seasonal_naive,306.40384615384613,382.4114402255568,14.350468649648935
Spices - Turmeric,1,lightgbm_direct,142.2549321248355,153.6986788806132,31.752286651602457
Spices - Turmeric,1,baseline_seasonal_naive,58.69230769230769,72.41334343677488,12.046343632615482
Spices - Turmeric,2,lightgbm_direct,65.37797100041733,87.37759182331033,13.164123285525752
Spices - Turmeric,2,baseline_seasonal_naive,89.67307692307692,106.11536718989457,18.503763246035845
Spices - Turmeric,3,lightgbm_direct,71.20366038196306,82.1557294407201,14.518766416008747
Spices - Turmeric,3,baseline_seasonal_naive,73.32692307692308,92.7311330362572,13.972627578736935
Sugar - Raw Brown,1,lightgbm_direct,179.8121511349949,216.86796610492797,9.756187754304417
Sugar - Raw Brown,1,baseline_seasonal_naive,261.78846153846155,339.2197069973745,14.861352291311485
Sugar - Raw Brown,2,lightgbm_direct,237.1534192602114,278.986230558049,12.576013535852043
Sugar - Raw Brown,2,baseline_seasonal_naive,231.8653846153846,289.45251703066015,13.378847184506085
Sugar - Raw Brown,3,lightgbm_direct,176.92434420217134,213.02918372692142,10.206459028979781
Sugar - Raw Brown,3,baseline_seasonal_naive,259.5576923076923,296.63327203286394,14.879951175510458
Sugar - White Refined,1,lightgbm_direct,264.7475003919118,332.2184803335925,10.49304624094519
Sugar - White Refined,1,baseline_seasonal_naive,330.9230769230769,427.7873303406729,13.080923109531273
Sugar - White Refined,2,lightgbm_direct,481.5123313253158,573.6639180079906,21.247888985543412
Sugar - White Refined,2,baseline_seasonal_naive,329.34615384615387,400.6904884338628,13.197576486191753
Sugar - White Refined,3,lightgbm_direct,262.5511347998405,313.18820036295307,11.379557627187415
Sugar - White Refined,3,baseline_seasonal_naive,247.1153846153846,319.846150248928,10.139280620027321
Sunflower Oil,1,lightgbm_direct,65.74717020849606,81.63386244683777,10.835115880285064
Sunflower Oil,1,baseline_seasonal_naive,98.28846153846153,119.57951168734807,15.220904110477246
Sunflower Oil,2,lightgbm_direct,85.47717375821586,108.40740863254658,11.82575236653375
Sunflower Oil,2,baseline_seasonal_naive,96.96153846153847,106.06900874140672,14.509104602184658
Sunflower Oil,3,lightgbm_direct,60.097304234875956,73.41159456654054,9.116503564929294
Sunflower Oil,3,baseline_seasonal_naive,73.11538461538461,87.21679443071288,11.003449743407355
Tea - Black Ceylon,1,lightgbm_direct,246.3066395873801,299.5285668359471,9.956979685939334
Tea - Black Ceylon,1,baseline_seasonal_naive,369.4230769230769,462.2709619992287,14.594650521755389
Tea - Black Ceylon,2,lightgbm_direct,349.7294745746789,491.92795457497687,13.022217141589493
Tea - Black Ceylon,2,baseline_seasonal_naive,356.86538461538464,489.8506542422277,12.689980263511687
Tea - Black Ceylon,3,lightgbm_direct,298.2410295316953,373.34597996578003,10.969633496562652
Tea - Black Ceylon,3,baseline_seasonal_naive,342.5576923076923,420.29489672571,12.529332550349103
Tea - Green,1,lightgbm_direct,138.16848316273882,165.5290469580191,9.370185524801261
Tea - Green,1,baseline_seasonal_naive,167.74358974358978,212.3916968856902,11.145023872035562
Tea - Green,2,lightgbm_direct,168.80909184586864,206.23984442653764,11.597810130319724
Tea - Green,2,baseline_seasonal_naive,158.19230769230768,193.9370932901856,10.752792677598016
Tea - Green,3,lightgbm_direct,183.14967745714077,218.09555929551158,12.343043116844488
Tea - Green,3,baseline_seasonal_naive,220.1346153846154,277.9194854352882,15.249154347776205
Wheat - Hard Red,1,lightgbm_direct,41.661085302313545,52.100714467250874,8.439516430640431
Wheat - Hard Red,1,baseline_seasonal_naive,56.75,72.0086132668543,11.618332351383504
Wheat - Hard Red,2,lightgbm_direct,58.246760756032195,73.05866546858209,13.5996232119573
Wheat - Hard Red,2,baseline_seasonal_naive,57.98076923076923,72.05720217032705,12.898287979914464
Wheat - Hard Red,3,lightgbm_direct,38.076937822074484,50.05332365804886,8.051926904838275
Wheat - Hard Red,3,baseline_seasonal_naive,70.61538461538461,83.79140767405688,14.591803093760012
Wheat - Soft,1,lightgbm_direct,212.36042831843693,264.02334956984595,9.373427387352953
Wheat - Soft,1,baseline_seasonal_naive,322.5,378.36698709464196,13.997181237211958
Wheat - Soft,2,lightgbm_direct,273.8770866784658,357.72816486513085,11.554127452860062
Wheat - Soft,2,baseline_seasonal_naive,324.13461538461536,354.25584246851446,14.176473625923746
Wheat - Soft,3,lightgbm_direct,401.7778235125216,505.50976357176813,15.374680716508148
Wheat - Soft,3,baseline_seasonal_naive,479.6730769230769,565.8192069910671,18.455652949380426
Yeast - Dry,1,lightgbm_direct,376.7719728603019,469.25847521647495,13.48238969642153
Yeast - Dry,1,baseline_seasonal_naive,460.9423076923077,549.5991594890872,16.373209076978583
Yeast - Dry,2,lightgbm_direct,363.4846896714881,430.9040974431245,15.432756666035766
Yeast - Dry,2,baseline_seasonal_naive,409.53846153846155,497.1228523633573,16.720123207585623
Yeast - Dry,3,lightgbm_direct,316.1221129478536,381.06570868464604,13.070234100755698
Yeast - Dry,3,baseline_seasonal_naive,415.90384615384613,512.624778431104,15.809682319474414
