Product,Date,Week_Ahead,Forecasted_Demand
Barley,2025-12-31,1,2826.462040890363
Barley,2026-01-07,2,2974.344912014299
Barley,2026-01-14,3,2936.309737555971
Barley,2026-01-21,4,2797.7192438851453
Barley,2026-01-28,5,2834.518291636984
Barley,2026-02-04,6,2799.921725461656
Barley,2026-02-11,7,3106.2686513981116
Barley,2026-02-18,8,2808.390295561782
Barley,2026-02-25,9,2874.1662834352205
Barley,2026-03-04,10,2867.78736561383
Barley,2026-03-11,11,3081.5714626823415
Barley,2026-03-18,12,3037.173121094187
Barley,2026-03-25,13,2882.287459326343
Barley,2026-04-01,14,3027.2463153536714
Barley,2026-04-08,15,2843.272213018932
Barley,2026-04-15,16,2856.5431698020197
Barley,2026-04-22,17,2915.9519130934223
Barley,2026-04-29,18,2780.335048230181
Barley,2026-05-06,19,2764.764494360294
Barley,2026-05-13,20,2718.6604839629913
Barley,2026-05-20,21,2968.447678529335
Barley,2026-05-27,22,2841.2514824521736
Barley,2026-06-03,23,2826.448363850117
Barley,2026-06-10,24,2597.0986510320495
Barley,2026-06-17,25,2672.5626780272205
Barley,2026-06-24,26,2653.581434364035
Canned Tomatoes,2025-12-31,1,2241.456891313243
Canned Tomatoes,2026-01-07,2,2438.2010029536937
Canned Tomatoes,2026-01-14,3,2321.504612677205
Canned Tomatoes,2026-01-21,4,2356.910852694995
Canned Tomatoes,2026-01-28,5,2350.1146561339424
Canned Tomatoes,2026-02-04,6,2539.266646667928
Canned Tomatoes,2026-02-11,7,2459.3023398433775
Canned Tomatoes,2026-02-18,8,2616.056782390838
Canned Tomatoes,2026-02-25,9,2618.952104911874
Canned Tomatoes,2026-03-04,10,2682.158420086734
Canned Tomatoes,2026-03-11,11,2616.358702580836
Canned Tomatoes,2026-03-18,12,2846.061661585435
Canned Tomatoes,2026-03-25,13,2750.6029730708847
Canned Tomatoes,2026-04-01,14,2755.803433664425
Canned Tomatoes,2026-04-08,15,2561.093071367529
Canned Tomatoes,2026-04-15,16,2507.3980995354245
Canned Tomatoes,2026-04-22,17,2641.8077143763703
Canned Tomatoes,2026-04-29,18,2676.734985046018
Canned Tomatoes,2026-05-06,19,2703.7947880185825
Canned Tomatoes,2026-05-13,20,2445.154923139717
Canned Tomatoes,2026-05-20,21,2360.657905145036
Canned Tomatoes,2026-05-27,22,2097.284492347637
Canned Tomatoes,2026-06-03,23,2153.1299003818285
Canned Tomatoes,2026-06-10,24,2152.4040426556057
Canned Tomatoes,2026-06-17,25,2061.1782871576247
Canned Tomatoes,2026-06-24,26,2050.774331944657
Canned Tuna,2025-12-31,1,2625.0162189476882
Canned Tuna,2026-01-07,2,2827.9018173713976
Canned Tuna,2026-01-14,3,2927.8492584705186
Canned Tuna,2026-01-21,4,3259.243183338055
Canned Tuna,2026-01-28,5,3464.7628486291796
Canned Tuna,2026-02-04,6,3566.1370334822946
Canned Tuna,2026-02-11,7,3586.29962630767
Canned Tuna,2026-02-18,8,3633.5850027146635
Canned Tuna,2026-02-25,9,3588.6164896613896
Canned Tuna,2026-03-04,10,3476.0762945423485
Canned Tuna,2026-03-11,11,3596.880078998566
Canned Tuna,2026-03-18,12,3496.7816021585113
Canned Tuna,2026-03-25,13,3558.165725438047
Canned Tuna,2026-04-01,14,3574.2550399708307
Canned Tuna,2026-04-08,15,3633.795755542309
Canned Tuna,2026-04-15,16,3665.032252373011
Canned Tuna,2026-04-22,17,3736.7830266690444
Canned Tuna,2026-04-29,18,3744.664576146179
Canned Tuna,2026-05-06,19,3636.6043673863264
Canned Tuna,2026-05-13,20,3496.7840797798076
Canned Tuna,2026-05-20,21,3563.592834224515
Canned Tuna,2026-05-27,22,3523.870521685967
Canned Tuna,2026-06-03,23,3422.571165949087
Canned Tuna,2026-06-10,24,3485.3355903208226
Canned Tuna,2026-06-17,25,3499.8388782431743
Canned Tuna,2026-06-24,26,2827.3609064030925
Chickpeas,2025-12-31,1,1149.7079536426515
Chickpeas,2026-01-07,2,1029.9414894434688
Chickpeas,2026-01-14,3,1252.0765733845888
Chickpeas,2026-01-21,4,1107.356282279383
Chickpeas,2026-01-28,5,1174.1239384619848
Chickpeas,2026-02-04,6,1083.348570528257
Chickpeas,2026-02-11,7,1193.129667949907
Chickpeas,2026-02-18,8,1200.382289602872
Chickpeas,2026-02-25,9,1156.3095950727038
Chickpeas,2026-03-04,10,1275.5629427386978
Chickpeas,2026-03-11,11,1218.242703542968
Chickpeas,2026-03-18,12,1278.688917630395
Chickpeas,2026-03-25,13,1342.20489307993
Chickpeas,2026-04-01,14,1297.8478487307564
Chickpeas,2026-04-08,15,1282.5031641135863
Chickpeas,2026-04-15,16,1264.4430101810242
Chickpeas,2026-04-22,17,1262.9561817376698
Chickpeas,2026-04-29,18,1174.6846450854064
Chickpeas,2026-05-06,19,1144.9396235433403
Chickpeas,2026-05-13,20,1130.4137318231756
Chickpeas,2026-05-20,21,1084.37334924397
Chickpeas,2026-05-27,22,1066.56692280877
Chickpeas,2026-06-03,23,1169.01077780106
Chickpeas,2026-06-10,24,1150.9666754358218
Chickpeas,2026-06-17,25,1161.765326465431
Chickpeas,2026-06-24,26,1189.645925249256
Cocoa Powder,2025-12-31,1,1989.287816638874
Cocoa Powder,2026-01-07,2,2082.3239757749748
Cocoa Powder,2026-01-14,3,1972.6265483877253
Cocoa Powder,2026-01-21,4,2225.5643711095317
Cocoa Powder,2026-01-28,5,2382.5990999628016
Cocoa Powder,2026-02-04,6,2369.050947451347
Cocoa Powder,2026-02-11,7,2368.340627972526
Cocoa Powder,2026-02-18,8,2332.9827297483403
Cocoa Powder,2026-02-25,9,2378.257496223648
Cocoa Powder,2026-03-04,10,2466.3546291685493
Cocoa Powder,2026-03-11,11,2459.5584101629115
Cocoa Powder,2026-03-18,12,2418.3941963393986
Cocoa Powder,2026-03-25,13,2378.152124563862
Cocoa Powder,2026-04-01,14,2423.552312860726
Cocoa Powder,2026-04-08,15,2429.0139778292028
Cocoa Powder,2026-04-15,16,2404.0681255032505
Cocoa Powder,2026-04-22,17,2337.607851290835
Cocoa Powder,2026-04-29,18,2173.447317320844
Cocoa Powder,2026-05-06,19,2205.366382496405
Cocoa Powder,2026-05-13,20,2164.2429665466343
Cocoa Powder,2026-05-20,21,2147.3719844280477
Cocoa Powder,2026-05-27,22,2239.6268360825343
Cocoa Powder,2026-06-03,23,2200.3009950459436
Cocoa Powder,2026-06-10,24,2116.7595104623797
Cocoa Powder,2026-06-17,25,2018.931347344683
Cocoa Powder,2026-06-24,26,1960.6330485655546
Coffee - Arabica,2025-12-31,1,2206.764299033457
Coffee - Arabica,2026-01-07,2,2329.4244081808797
Coffee - Arabica,2026-01-14,3,2477.88951558272
Coffee - Arabica,2026-01-21,4,2566.7843521603
Coffee - Arabica,2026-01-28,5,2578.831725754031
Coffee - Arabica,2026-02-04,6,2487.3914618539206
Coffee - Arabica,2026-02-11,7,2666.9914522156605
Coffee - Arabica,2026-02-18,8,2513.313851533093
Coffee - Arabica,2026-02-25,9,2406.206912312439
Coffee - Arabica,2026-03-04,10,2329.993318902528
Coffee - Arabica,2026-03-11,11,2561.279763235702
Coffee - Arabica,2026-03-18,12,2527.476575786673
Coffee - Arabica,2026-03-25,13,2494.7695037328863
Coffee - Arabica,2026-04-01,14,2684.1762313895297
Coffee - Arabica,2026-04-08,15,2460.7250247977427
Coffee - Arabica,2026-04-15,16,2581.403836552689
Coffee - Arabica,2026-04-22,17,2552.4563109321953
Coffee - Arabica,2026-04-29,18,2590.7521066877193
Coffee - Arabica,2026-05-06,19,2577.6419565416586
Coffee - Arabica,2026-05-13,20,2613.5521116580044
Coffee - Arabica,2026-05-20,21,2388.331650910224
Coffee - Arabica,2026-05-27,22,2272.7304440241137
Coffee - Arabica,2026-06-03,23,2383.1563148356818
Coffee - Arabica,2026-06-10,24,2321.141569865528
Coffee - Arabica,2026-06-17,25,2192.317802344428
Coffee - Arabica,2026-06-24,26,2324.815024323144
Coffee - Robusta,2025-12-31,1,1698.6568076535289
Coffee - Robusta,2026-01-07,2,1754.0907182374733
Coffee - Robusta,2026-01-14,3,1825.9825991806013
Coffee - Robusta,2026-01-21,4,1791.466350124116
Coffee - Robusta,2026-01-28,5,1697.931704146357
Coffee - Robusta,2026-02-04,6,1728.3884308227564
Coffee - Robusta,2026-02-11,7,1763.843845106661
Coffee - Robusta,2026-02-18,8,1763.757203517167
Coffee - Robusta,2026-02-25,9,1738.9030805070931
Coffee - Robusta,2026-03-04,10,1728.6308945915239
Coffee - Robusta,2026-03-11,11,1756.379060533753
Coffee - Robusta,2026-03-18,12,1732.1572265184172
Coffee - Robusta,2026-03-25,13,1746.0757291406087
Coffee - Robusta,2026-04-01,14,1740.288983372072
Coffee - Robusta,2026-04-08,15,1757.9513885064503
Coffee - Robusta,2026-04-15,16,1749.6750207121695
Coffee - Robusta,2026-04-22,17,1749.221191449676
Coffee - Robusta,2026-04-29,18,1680.6372259532836
Coffee - Robusta,2026-05-06,19,1743.3753975176562
Coffee - Robusta,2026-05-13,20,1742.7381601476604
Coffee - Robusta,2026-05-20,21,1610.5603148084645
Coffee - Robusta,2026-05-27,22,1609.94691893398
Coffee - Robusta,2026-06-03,23,1535.9312847306023
Coffee - Robusta,2026-06-10,24,1637.92081581884
Coffee - Robusta,2026-06-17,25,1623.421091044831
Coffee - Robusta,2026-06-24,26,1627.7176848001038
Corn,2025-12-31,1,2649.6307120570214
Corn,2026-01-07,2,2549.6136501828782
Corn,2026-01-14,3,2658.60277238611
Corn,2026-01-21,4,2610.329434554325
Corn,2026-01-28,5,2652.7604750492997
Corn,2026-02-04,6,2700.0076050607954
Corn,2026-02-11,7,2707.765970467732
Corn,2026-02-18,8,2687.662062352972
Corn,2026-02-25,9,2741.4443833319474
Corn,2026-03-04,10,2645.0165219327787
Corn,2026-03-11,11,2735.485888670692
Corn,2026-03-18,12,2716.5132934562507
Corn,2026-03-25,13,2704.978577955761
Corn,2026-04-01,14,2690.758213170623
Corn,2026-04-08,15,2730.517377560077
Corn,2026-04-15,16,2732.007794500275
Corn,2026-04-22,17,2641.803919261589
Corn,2026-04-29,18,2707.443031097023
Corn,2026-05-06,19,2675.123259117702
Corn,2026-05-13,20,2560.19499342712
Corn,2026-05-20,21,2558.2194923594093
Corn,2026-05-27,22,2520.2156380404613
Corn,2026-06-03,23,2458.1537319795802
Corn,2026-06-10,24,2392.396347613513
Corn,2026-06-17,25,2262.8124468119354
Corn,2026-06-24,26,2166.27754896665
Flour - All Purpose,2025-12-31,1,1308.5421208055893
Flour - All Purpose,2026-01-07,2,1455.9777554674283
Flour - All Purpose,2026-01-14,3,1501.1584740140129
Flour - All Purpose,2026-01-21,4,1649.26022159452
Flour - All Purpose,2026-01-28,5,1601.564644617546
Flour - All Purpose,2026-02-04,6,1654.0270393196965
Flour - All Purpose,2026-02-11,7,1650.1517259403856
Flour - All Purpose,2026-02-18,8,1784.2222566235314
Flour - All Purpose,2026-02-25,9,1730.435787143566
Flour - All Purpose,2026-03-04,10,1806.1361046167422
Flour - All Purpose,2026-03-11,11,1700.5565294258756
Flour - All Purpose,2026-03-18,12,1625.0949707955
Flour - All Purpose,2026-03-25,13,1881.9705788875794
Flour - All Purpose,2026-04-01,14,1686.281718528488
Flour - All Purpose,2026-04-08,15,1900.8114848180292
Flour - All Purpose,2026-04-15,16,1690.00591495512
Flour - All Purpose,2026-04-22,17,1744.3493051477822
Flour - All Purpose,2026-04-29,18,1718.7457023728614
Flour - All Purpose,2026-05-06,19,1691.8871187708016
Flour - All Purpose,2026-05-13,20,1767.871535362425
Flour - All Purpose,2026-05-20,21,1608.4675292208492
Flour - All Purpose,2026-05-27,22,1759.0180843346654
Flour - All Purpose,2026-06-03,23,1804.6749474032308
Flour - All Purpose,2026-06-10,24,1539.8763991854453
Flour - All Purpose,2026-06-17,25,1608.2409148416011
Flour - All Purpose,2026-06-24,26,1563.1438114402815
Lentils - Green,2025-12-31,1,3185.077926345584
Lentils - Green,2026-01-07,2,3179.087581645373
Lentils - Green,2026-01-14,3,3348.0364975721905
Lentils - Green,2026-01-21,4,3285.08804834418
Lentils - Green,2026-01-28,5,3753.1857516023615
Lentils - Green,2026-02-04,6,3716.9520221030143
Lentils - Green,2026-02-11,7,3645.4701868519733
Lentils - Green,2026-02-18,8,3638.5467969682522
Lentils - Green,2026-02-25,9,3615.358179086018
Lentils - Green,2026-03-04,10,3631.923284469438
Lentils - Green,2026-03-11,11,3665.935672192724
Lentils - Green,2026-03-18,12,3645.515024704757
Lentils - Green,2026-03-25,13,3501.0438823085124
Lentils - Green,2026-04-01,14,3516.69693923275
Lentils - Green,2026-04-08,15,3628.8525344784684
Lentils - Green,2026-04-15,16,3584.1436735926554
Lentils - Green,2026-04-22,17,3554.9486918567422
Lentils - Green,2026-04-29,18,3520.680149653201
Lentils - Green,2026-05-06,19,3573.918450238688
Lentils - Green,2026-05-13,20,3553.6683721832574
Lentils - Green,2026-05-20,21,3544.3714371298506
Lentils - Green,2026-05-27,22,3485.356349268878
Lentils - Green,2026-06-03,23,3275.5497633508503
Lentils - Green,2026-06-10,24,3100.9637102294946
Lentils - Green,2026-06-17,25,3079.4380250409104
Lentils - Green,2026-06-24,26,2820.823915697564
Lentils - Red,2025-12-31,1,1970.4209009032338
Lentils - Red,2026-01-07,2,1977.8245178397592
Lentils - Red,2026-01-14,3,2118.25726671149
Lentils - Red,2026-01-21,4,2035.843036100733
Lentils - Red,2026-01-28,5,2131.815433679461
Lentils - Red,2026-02-04,6,2206.1431426756467
Lentils - Red,2026-02-11,7,2098.5495171047933
Lentils - Red,2026-02-18,8,2163.126022555853
Lentils - Red,2026-02-25,9,1972.4463208770858
Lentils - Red,2026-03-04,10,2163.5547843856434
Lentils - Red,2026-03-11,11,2144.704266370123
Lentils - Red,2026-03-18,12,2286.668583873941
Lentils - Red,2026-03-25,13,2271.780987515712
Lentils - Red,2026-04-01,14,2302.8376287625974
Lentils - Red,2026-04-08,15,2301.3051823689207
Lentils - Red,2026-04-15,16,2433.164566463747
Lentils - Red,2026-04-22,17,2353.680699328825
Lentils - Red,2026-04-29,18,2383.9817604351815
Lentils - Red,2026-05-06,19,2288.6472707790604
Lentils - Red,2026-05-13,20,2323.7354009109
Lentils - Red,2026-05-20,21,2262.1629109496143
Lentils - Red,2026-05-27,22,2135.8954810937153
Lentils - Red,2026-06-03,23,2142.1089685087504
Lentils - Red,2026-06-10,24,2018.8249091239672
Lentils - Red,2026-06-17,25,2069.2676096939485
Lentils - Red,2026-06-24,26,2065.1594323452728
Milk Powder - Skimmed,2025-12-31,1,2569.13610225328
Milk Powder - Skimmed,2026-01-07,2,2727.150578136246
Milk Powder - Skimmed,2026-01-14,3,2739.090720511334
Milk Powder - Skimmed,2026-01-21,4,2565.6357093621614
Milk Powder - Skimmed,2026-01-28,5,2669.362640176566
Milk Powder - Skimmed,2026-02-04,6,2725.077508271492
Milk Powder - Skimmed,2026-02-11,7,2884.2532495984774
Milk Powder - Skimmed,2026-02-18,8,2897.168494721529
Milk Powder - Skimmed,2026-02-25,9,2744.833938325957
Milk Powder - Skimmed,2026-03-04,10,2839.169540063504
Milk Powder - Skimmed,2026-03-11,11,2874.023953362392
Milk Powder - Skimmed,2026-03-18,12,2729.764686184823
Milk Powder - Skimmed,2026-03-25,13,2873.8759843390153
Milk Powder - Skimmed,2026-04-01,14,2903.6249378248863
Milk Powder - Skimmed,2026-04-08,15,2891.204312731141
Milk Powder - Skimmed,2026-04-15,16,2875.7364052148173
Milk Powder - Skimmed,2026-04-22,17,2870.888869099303
Milk Powder - Skimmed,2026-04-29,18,2851.398855089485
Milk Powder - Skimmed,2026-05-06,19,2808.0355041882945
Milk Powder - Skimmed,2026-05-13,20,2788.7869570113635
Milk Powder - Skimmed,2026-05-20,21,2827.463267229964
Milk Powder - Skimmed,2026-05-27,22,2767.4080595974247
Milk Powder - Skimmed,2026-06-03,23,2451.175218348081
Milk Powder - Skimmed,2026-06-10,24,2399.008133697073
Milk Powder - Skimmed,2026-06-17,25,2393.5472948629717
Milk Powder - Skimmed,2026-06-24,26,2412.4769096923233
Milk Powder - Whole,2025-12-31,1,840.596236593864
Milk Powder - Whole,2026-01-07,2,791.9264303611598
Milk Powder - Whole,2026-01-14,3,867.3479238270918
Milk Powder - Whole,2026-01-21,4,965.1066481058034
Milk Powder - Whole,2026-01-28,5,847.3582865889182
Milk Powder - Whole,2026-02-04,6,939.4804753757442
Milk Powder - Whole,2026-02-11,7,1037.8784281242497
Milk Powder - Whole,2026-02-18,8,1057.8546984578998
Milk Powder - Whole,2026-02-25,9,980.0205996443542
Milk Powder - Whole,2026-03-04,10,984.240906587417
Milk Powder - Whole,2026-03-11,11,1041.9580952686304
Milk Powder - Whole,2026-03-18,12,1048.4872307179319
Milk Powder - Whole,2026-03-25,13,954.7200435738328
Milk Powder - Whole,2026-04-01,14,1047.1546796754192
Milk Powder - Whole,2026-04-08,15,956.9881642546392
Milk Powder - Whole,2026-04-15,16,964.0598303970481
Milk Powder - Whole,2026-04-22,17,1040.982217854854
Milk Powder - Whole,2026-04-29,18,1011.6472230759287
Milk Powder - Whole,2026-05-06,19,973.340586984422
Milk Powder - Whole,2026-05-13,20,1000.4225440853779
Milk Powder - Whole,2026-05-20,21,954.2403220081069
Milk Powder - Whole,2026-05-27,22,836.9358699391245
Milk Powder - Whole,2026-06-03,23,807.0015307866794
Milk Powder - Whole,2026-06-10,24,853.0387276817846
Milk Powder - Whole,2026-06-17,25,785.7352333749151
Milk Powder - Whole,2026-06-24,26,789.8318714089958
Oats,2025-12-31,1,2566.910174874932
Oats,2026-01-07,2,2991.5885304748695
Oats,2026-01-14,3,3006.105016716979
Oats,2026-01-21,4,3045.7985231431007
Oats,2026-01-28,5,3053.7324155552164
Oats,2026-02-04,6,3248.2450941762654
Oats,2026-02-11,7,3469.908182450005
Oats,2026-02-18,8,3506.000782922898
Oats,2026-02-25,9,3763.2282966841403
Oats,2026-03-04,10,3685.808169240882
Oats,2026-03-11,11,3717.1656645680564
Oats,2026-03-18,12,3757.5225764068205
Oats,2026-03-25,13,3808.5111377151775
Oats,2026-04-01,14,3380.3132584475356
Oats,2026-04-08,15,3226.8436810755966
Oats,2026-04-15,16,3297.0991418887597
Oats,2026-04-22,17,3112.790162308262
Oats,2026-04-29,18,3112.423538277638
Oats,2026-05-06,19,3066.97550697827
Oats,2026-05-13,20,3065.4254560930844
Oats,2026-05-20,21,3027.5483487744045
Oats,2026-05-27,22,3127.0380911171887
Oats,2026-06-03,23,2796.1570056013697
Oats,2026-06-10,24,2587.7288984716456
Oats,2026-06-17,25,2437.0923984049195
Oats,2026-06-24,26,2425.48005482069
Palm Oil,2025-12-31,1,2158.0700310061334
Palm Oil,2026-01-07,2,2327.3846522429612
Palm Oil,2026-01-14,3,2099.679043544657
Palm Oil,2026-01-21,4,2354.8873828756387
Palm Oil,2026-01-28,5,2221.4274609975164
Palm Oil,2026-02-04,6,2308.1769909610152
Palm Oil,2026-02-11,7,2248.9856767337665
Palm Oil,2026-02-18,8,2298.089389281253
Palm Oil,2026-02-25,9,2345.6736857362703
Palm Oil,2026-03-04,10,2290.6891609904164
Palm Oil,2026-03-11,11,2287.152237256913
Palm Oil,2026-03-18,12,2496.740879018902
Palm Oil,2026-03-25,13,2554.1290107242094
Palm Oil,2026-04-01,14,2609.402311563816
Palm Oil,2026-04-08,15,2508.6449824546894
Palm Oil,2026-04-15,16,2330.099654452187
Palm Oil,2026-04-22,17,2227.9459888546944
Palm Oil,2026-04-29,18,2172.23496083805
Palm Oil,2026-05-06,19,2217.661724435444
Palm Oil,2026-05-13,20,2084.643797369195
Palm Oil,2026-05-20,21,2235.550702453405
Palm Oil,2026-05-27,22,1997.6211089165902
Palm Oil,2026-06-03,23,2202.298600238575
Palm Oil,2026-06-10,24,2056.5507019064053
Palm Oil,2026-06-17,25,2200.0072823769997
Palm Oil,2026-06-24,26,1958.7571781563274
Pasta - Spaghetti,2025-12-31,1,3070.277210155526
Pasta - Spaghetti,2026-01-07,2,2954.4285607063794
Pasta - Spaghetti,2026-01-14,3,3100.9692261302093
Pasta - Spaghetti,2026-01-21,4,3094.7404288828634
Pasta - Spaghetti,2026-01-28,5,3063.6258218793155
Pasta - Spaghetti,2026-02-04,6,3251.426475034994
Pasta - Spaghetti,2026-02-11,7,3243.1404264859616
Pasta - Spaghetti,2026-02-18,8,3451.3325974615705
Pasta - Spaghetti,2026-02-25,9,3591.093876383693
Pasta - Spaghetti,2026-03-04,10,3375.7904059204943
Pasta - Spaghetti,2026-03-11,11,3598.1517692615143
Pasta - Spaghetti,2026-03-18,12,3679.7274445387557
Pasta - Spaghetti,2026-03-25,13,3475.3574702208784
Pasta - Spaghetti,2026-04-01,14,3431.1845101730382
Pasta - Spaghetti,2026-04-08,15,3603.642659085619
Pasta - Spaghetti,2026-04-15,16,3388.7391853692625
Pasta - Spaghetti,2026-04-22,17,3398.3279756521306
Pasta - Spaghetti,2026-04-29,18,3547.485130798681
Pasta - Spaghetti,2026-05-06,19,3288.179738848993
Pasta - Spaghetti,2026-05-13,20,3423.6062593059964
Pasta - Spaghetti,2026-05-20,21,3335.9365711656483
Pasta - Spaghetti,2026-05-27,22,3252.6973562939925
Pasta - Spaghetti,2026-06-03,23,3206.7054151071034
Pasta - Spaghetti,2026-06-10,24,3041.8692960644717
Pasta - Spaghetti,2026-06-17,25,2946.127138757722
Pasta - Spaghetti,2026-06-24,26,2935.0559534829
Rice - Basmati,2025-12-31,1,1105.638433724729
Rice - Basmati,2026-01-07,2,1230.226205186598
Rice - Basmati,2026-01-14,3,1300.3800009468239
Rice - Basmati,2026-01-21,4,1583.857225243461
Rice - Basmati,2026-01-28,5,1481.5525316098806
Rice - Basmati,2026-02-04,6,1373.2813856557636
Rice - Basmati,2026-02-11,7,1374.7243656233675
Rice - Basmati,2026-02-18,8,1408.1845576740095
Rice - Basmati,2026-02-25,9,1361.3333557323267
Rice - Basmati,2026-03-04,10,1426.7177045336325
Rice - Basmati,2026-03-11,11,1601.1843292880192
Rice - Basmati,2026-03-18,12,1646.339321794411
Rice - Basmati,2026-03-25,13,1654.0313817011343
Rice - Basmati,2026-04-01,14,1465.8011943727104
Rice - Basmati,2026-04-08,15,1513.994436009136
Rice - Basmati,2026-04-15,16,1478.1456829990384
Rice - Basmati,2026-04-22,17,1415.8289437196686
Rice - Basmati,2026-04-29,18,1406.4133758265211
Rice - Basmati,2026-05-06,19,1367.6200082387702
Rice - Basmati,2026-05-13,20,1391.8792979361851
Rice - Basmati,2026-05-20,21,1310.3878841670173
Rice - Basmati,2026-05-27,22,1332.823528770838
Rice - Basmati,2026-06-03,23,1458.2258082427518
Rice - Basmati,2026-06-10,24,1344.7360904588577
Rice - Basmati,2026-06-17,25,1228.0998380794667
Rice - Basmati,2026-06-24,26,1118.1079579113398
Rice - White,2025-12-31,1,2286.6697474741
Rice - White,2026-01-07,2,2385.965478149429
Rice - White,2026-01-14,3,2622.476681800588
Rice - White,2026-01-21,4,2408.3981219262473
Rice - White,2026-01-28,5,2486.477118065548
Rice - White,2026-02-04,6,2790.015958132478
Rice - White,2026-02-11,7,2766.3237544892204
Rice - White,2026-02-18,8,2758.499943275808
Rice - White,2026-02-25,9,2806.3819619216965
Rice - White,2026-03-04,10,2651.191097474958
Rice - White,2026-03-11,11,2791.1659473661557
Rice - White,2026-03-18,12,2963.094763162306
Rice - White,2026-03-25,13,2796.8705995650457
Rice - White,2026-04-01,14,2912.6224068574934
Rice - White,2026-04-08,15,2720.8312596653814
Rice - White,2026-04-15,16,2605.353367721662
Rice - White,2026-04-22,17,2858.3453191035037
Rice - White,2026-04-29,18,2895.5332893788063
Rice - White,2026-05-06,19,2951.5475367095532
Rice - White,2026-05-13,20,2784.664936666838
Rice - White,2026-05-20,21,2642.847991599712
Rice - White,2026-05-27,22,2579.1731897122995
Rice - White,2026-06-03,23,2505.4972195096025
Rice - White,2026-06-10,24,2548.3665460044185
Rice - White,2026-06-17,25,2622.4618134183215
Rice - White,2026-06-24,26,2514.3238329460987
Salt - Iodized,2025-12-31,1,2647.3284011443775
Salt - Iodized,2026-01-07,2,2712.4784392009387
Salt - Iodized,2026-01-14,3,2854.538225253999
Salt - Iodized,2026-01-21,4,2828.113666288455
Salt - Iodized,2026-01-28,5,2838.7788053651957
Salt - Iodized,2026-02-04,6,2863.7646836504687
Salt - Iodized,2026-02-11,7,3170.402526084151
Salt - Iodized,2026-02-18,8,2974.84700755913
Salt - Iodized,2026-02-25,9,3173.3446374613454
Salt - Iodized,2026-03-04,10,3285.0841887282913
Salt - Iodized,2026-03-11,11,3159.492703933722
Salt - Iodized,2026-03-18,12,3296.917053104777
Salt - Iodized,2026-03-25,13,3250.0319949806476
Salt - Iodized,2026-04-01,14,3281.8590095853074
Salt - Iodized,2026-04-08,15,3262.891006089318
Salt - Iodized,2026-04-15,16,3220.8350048700327
Salt - Iodized,2026-04-22,17,3257.428158330552
Salt - Iodized,2026-04-29,18,3230.2765039715405
Salt - Iodized,2026-05-06,19,3109.0472246390195
Salt - Iodized,2026-05-13,20,2943.381394435717
Salt - Iodized,2026-05-20,21,2853.6422669027284
Salt - Iodized,2026-05-27,22,2783.4483063767925
Salt - Iodized,2026-06-03,23,2930.8670402192
Salt - Iodized,2026-06-10,24,2723.8340951368023
Salt - Iodized,2026-06-17,25,2732.5798096259505
Salt - Iodized,2026-06-24,26,2663.6237311902523
Soybean Oil,2025-12-31,1,2234.789584168226
Soybean Oil,2026-01-07,2,2362.8411081335476
Soybean Oil,2026-01-14,3,2499.0579337577146
Soybean Oil,2026-01-21,4,2408.7603663058335
Soybean Oil,2026-01-28,5,2466.157064155624
Soybean Oil,2026-02-04,6,2456.2080178980045
Soybean Oil,2026-02-11,7,2495.737157559436
Soybean Oil,2026-02-18,8,2458.873438575175
Soybean Oil,2026-02-25,9,2466.9618208227853
Soybean Oil,2026-03-04,10,2615.3529049244853
Soybean Oil,2026-03-11,11,2484.6110929670854
Soybean Oil,2026-03-18,12,2569.3490902899944
Soybean Oil,2026-03-25,13,2521.261591319
Soybean Oil,2026-04-01,14,2484.4511579685905
Soybean Oil,2026-04-08,15,2579.0698910914152
Soybean Oil,2026-04-15,16,2480.9351893524836
Soybean Oil,2026-04-22,17,2467.331796536795
Soybean Oil,2026-04-29,18,2560.5669288082386
Soybean Oil,2026-05-06,19,2441.7310480874917
Soybean Oil,2026-05-13,20,2361.1953652025322
Soybean Oil,2026-05-20,21,2374.5704884302036
Soybean Oil,2026-05-27,22,2379.01849087166
Soybean Oil,2026-06-03,23,2299.651642459284
Soybean Oil,2026-06-10,24,2352.694256496616
Soybean Oil,2026-06-17,25,2273.0466794568774
Soybean Oil,2026-06-24,26,2229.2210377053734
Spices - Black Pepper,2025-12-31,1,2253.607171765282
Spices - Black Pepper,2026-01-07,2,2469.229967729799
Spices - Black Pepper,2026-01-14,3,2396.6222400556676
Spices - Black Pepper,2026-01-21,4,2372.1321847244635
Spices - Black Pepper,2026-01-28,5,2549.775178991384
Spices - Black Pepper,2026-02-04,6,2543.644914801425
Spices - Black Pepper,2026-02-11,7,2639.4801231285446
Spices - Black Pepper,2026-02-18,8,2900.910130476831
Spices - Black Pepper,2026-02-25,9,2976.590292187298
Spices - Black Pepper,2026-03-04,10,2796.033304583514
Spices - Black Pepper,2026-03-11,11,2917.4310262187287
Spices - Black Pepper,2026-03-18,12,3071.396873072279
Spices - Black Pepper,2026-03-25,13,3039.4568895861967
Spices - Black Pepper,2026-04-01,14,3070.558609109085
Spices - Black Pepper,2026-04-08,15,3026.695343431182
Spices - Black Pepper,2026-04-15,16,2847.8686597537667
Spices - Black Pepper,2026-04-22,17,2911.7833767895468
Spices - Black Pepper,2026-04-29,18,2854.532009075575
Spices - Black Pepper,2026-05-06,19,2949.687605041624
Spices - Black Pepper,2026-05-13,20,2801.8697299943074
Spices - Black Pepper,2026-05-20,21,2647.327104811245
Spices - Black Pepper,2026-05-27,22,2552.7663058641056
Spices - Black Pepper,2026-06-03,23,2527.903411850408
Spices - Black Pepper,2026-06-10,24,2509.2015526187524
Spices - Black Pepper,2026-06-17,25,2312.489232996476
Spices - Black Pepper,2026-06-24,26,2229.3702756891093
Spices - Turmeric,2025-12-31,1,618.357311196249
Spices - Turmeric,2026-01-07,2,603.2905787092218
Spices - Turmeric,2026-01-14,3,699.4102591278543
Spices - Turmeric,2026-01-21,4,763.8686426806038
Spices - Turmeric,2026-01-28,5,740.8558521255952
Spices - Turmeric,2026-02-04,6,753.2984522596504
Spices - Turmeric,2026-02-11,7,708.3005192648815
Spices - Turmeric,2026-02-18,8,712.7959187387594
Spices - Turmeric,2026-02-25,9,711.6597466613888
Spices - Turmeric,2026-03-04,10,752.5820081495868
Spices - Turmeric,2026-03-11,11,758.4900334230504
Spices - Turmeric,2026-03-18,12,771.7802985323705
Spices - Turmeric,2026-03-25,13,769.4965534555337
Spices - Turmeric,2026-04-01,14,713.5033411889351
Spices - Turmeric,2026-04-08,15,726.009872307751
Spices - Turmeric,2026-04-15,16,744.0064740741874
Spices - Turmeric,2026-04-22,17,762.8457956847874
Spices - Turmeric,2026-04-29,18,751.0892865303628
Spices - Turmeric,2026-05-06,19,741.4857971191971
Spices - Turmeric,2026-05-13,20,722.8173460255529
Spices - Turmeric,2026-05-20,21,690.2079284446663
Spices - Turmeric,2026-05-27,22,708.7648496147234
Spices - Turmeric,2026-06-03,23,704.0860934618372
Spices - Turmeric,2026-06-10,24,743.1718962448426
Spices - Turmeric,2026-06-17,25,623.1571882860377
Spices - Turmeric,2026-06-24,26,656.2623844578957
Sugar - Raw Brown,2025-12-31,1,2449.1754756377495
Sugar - Raw Brown,2026-01-07,2,2472.591227020407
Sugar - Raw Brown,2026-01-14,3,2430.7129545702114
Sugar - Raw Brown,2026-01-21,4,2326.770566767297
Sugar - Raw Brown,2026-01-28,5,2205.6095568335427
Sugar - Raw Brown,2026-02-04,6,2234.5963113486546
Sugar - Raw Brown,2026-02-11,7,2281.8176192066667
Sugar - Raw Brown,2026-02-18,8,2208.625365377516
Sugar - Raw Brown,2026-02-25,9,2336.277694082644
Sugar - Raw Brown,2026-03-04,10,2355.791373352618
Sugar - Raw Brown,2026-03-11,11,2494.953451008459
Sugar - Raw Brown,2026-03-18,12,2488.8160055759204
Sugar - Raw Brown,2026-03-25,13,2452.8529642322637
Sugar - Raw Brown,2026-04-01,14,2520.0346224413893
Sugar - Raw Brown,2026-04-08,15,2466.0562988994056
Sugar - Raw Brown,2026-04-15,16,2485.156930970843
Sugar - Raw Brown,2026-04-22,17,2547.847414209716
Sugar - Raw Brown,2026-04-29,18,2356.965351061406
Sugar - Raw Brown,2026-05-06,19,2357.3414173516862
Sugar - Raw Brown,2026-05-13,20,2258.4382531509905
Sugar - Raw Brown,2026-05-20,21,2232.2324237195908
Sugar - Raw Brown,2026-05-27,22,2146.8607165504627
Sugar - Raw Brown,2026-06-03,23,2184.764839212993
Sugar - Raw Brown,2026-06-10,24,2138.800415708767
Sugar - Raw Brown,2026-06-17,25,2060.9736779796644
Sugar - Raw Brown,2026-06-24,26,2105.77769954248
Sugar - White Refined,2025-12-31,1,3213.0508756451395
Sugar - White Refined,2026-01-07,2,3440.931662505745
Sugar - White Refined,2026-01-14,3,3624.5762382136077
Sugar - White Refined,2026-01-21,4,3591.873560866883
Sugar - White Refined,2026-01-28,5,3566.426332740315
Sugar - White Refined,2026-02-04,6,3579.0359602996245
Sugar - White Refined,2026-02-11,7,3404.5609878593423
Sugar - White Refined,2026-02-18,8,3716.335363018698
Sugar - White Refined,2026-02-25,9,3780.338192832721
Sugar - White Refined,2026-03-04,10,3780.67082305956
Sugar - White Refined,2026-03-11,11,3895.5551752617953
Sugar - White Refined,2026-03-18,12,3898.9498586200234
Sugar - White Refined,2026-03-25,13,3743.4987489439
Sugar - White Refined,2026-04-01,14,3898.7909113921237
Sugar - White Refined,2026-04-08,15,4022.078126649412
Sugar - White Refined,2026-04-15,16,3796.2858927327375
Sugar - White Refined,2026-04-22,17,3770.0151652695913
Sugar - White Refined,2026-04-29,18,3881.8828847288337
Sugar - White Refined,2026-05-06,19,3854.2687211050898
Sugar - White Refined,2026-05-13,20,3665.2843316216085
Sugar - White Refined,2026-05-20,21,3399.161750246158
Sugar - White Refined,2026-05-27,22,3442.8708758718976
Sugar - White Refined,2026-06-03,23,3545.811949953106
Sugar - White Refined,2026-06-10,24,3581.8800603744153
Sugar - White Refined,2026-06-17,25,3496.1042743319617
Sugar - White Refined,2026-06-24,26,3264.4982616443967
Sunflower Oil,2025-12-31,1,775.8306379746772
Sunflower Oil,2026-01-07,2,853.3839069165508
Sunflower Oil,2026-01-14,3,896.8518447482381
Sunflower Oil,2026-01-21,4,811.6082959439683
Sunflower Oil,2026-01-28,5,933.4888553568734
Sunflower Oil,2026-02-04,6,899.3346803143306
Sunflower Oil,2026-02-11,7,938.0852830149881
Sunflower Oil,2026-02-18,8,953.4659213406356
Sunflower Oil,2026-02-25,9,988.5272714651568
Sunflower Oil,2026-03-04,10,1039.0818170795694
Sunflower Oil,2026-03-11,11,1037.5884321881376
Sunflower Oil,2026-03-18,12,1075.7140432996418
Sunflower Oil,2026-03-25,13,1080.1338470017129
Sunflower Oil,2026-04-01,14,1072.314785058241
Sunflower Oil,2026-04-08,15,1057.541531727346
Sunflower Oil,2026-04-15,16,931.3349578537652
Sunflower Oil,2026-04-22,17,1019.0544730097715
Sunflower Oil,2026-04-29,18,988.2473772134481
Sunflower Oil,2026-05-06,19,1013.8276677862656
Sunflower Oil,2026-05-13,20,1033.459369796556
Sunflower Oil,2026-05-20,21,978.4773585588272
Sunflower Oil,2026-05-27,22,991.0424743924452
Sunflower Oil,2026-06-03,23,990.1508029708431
Sunflower Oil,2026-06-10,24,964.8324943182168
Sunflower Oil,2026-06-17,25,796.5563067619365
Sunflower Oil,2026-06-24,26,789.6009855378323
Tea - Black Ceylon,2025-12-31,1,3310.1614619300153
Tea - Black Ceylon,2026-01-07,2,3220.043354108546
Tea - Black Ceylon,2026-01-14,3,3452.7561919562577
Tea - Black Ceylon,2026-01-21,4,3430.5339461761846
Tea - Black Ceylon,2026-01-28,5,3671.549951929891
Tea - Black Ceylon,2026-02-04,6,3518.9655574651415
Tea - Black Ceylon,2026-02-11,7,3389.1091028272294
Tea - Black Ceylon,2026-02-18,8,3370.0839598333937
Tea - Black Ceylon,2026-02-25,9,3626.535204899406
Tea - Black Ceylon,2026-03-04,10,3749.5208760928554
Tea - Black Ceylon,2026-03-11,11,3728.122532585709
Tea - Black Ceylon,2026-03-18,12,3518.8794491578788
Tea - Black Ceylon,2026-03-25,13,3625.1090314594526
Tea - Black Ceylon,2026-04-01,14,3692.5094531784794
Tea - Black Ceylon,2026-04-08,15,3461.9706153192583
Tea - Black Ceylon,2026-04-15,16,3367.475701906675
Tea - Black Ceylon,2026-04-22,17,3567.43496360836
Tea - Black Ceylon,2026-04-29,18,3447.1303166254806
Tea - Black Ceylon,2026-05-06,19,3608.2853838340484
Tea - Black Ceylon,2026-05-13,20,3645.0078504407943
Tea - Black Ceylon,2026-05-20,21,3297.852061329912
Tea - Black Ceylon,2026-05-27,22,3315.5669692609777
Tea - Black Ceylon,2026-06-03,23,2866.4691469227855
Tea - Black Ceylon,2026-06-10,24,2909.3161491842047
Tea - Black Ceylon,2026-06-17,25,2947.5052189481576
Tea - Black Ceylon,2026-06-24,26,2898.517714221696
Tea - Green,2025-12-31,1,1801.035614908264
Tea - Green,2026-01-07,2,1968.8534984208502
Tea - Green,2026-01-14,3,1962.4459273013715
Tea - Green,2026-01-21,4,1920.3908273058357
Tea - Green,2026-01-28,5,2072.0922288541656
Tea - Green,2026-02-04,6,2108.9740330226305
Tea - Green,2026-02-11,7,2056.36474094324
Tea - Green,2026-02-18,8,2049.134553275087
Tea - Green,2026-02-25,9,2016.3493972579367
Tea - Green,2026-03-04,10,2027.8215088187872
Tea - Green,2026-03-11,11,2014.3231794383555
Tea - Green,2026-03-18,12,2022.696111643716
Tea - Green,2026-03-25,13,2029.871954892891
Tea - Green,2026-04-01,14,2051.9636857832647
Tea - Green,2026-04-08,15,2046.9752876880523
Tea - Green,2026-04-15,16,1874.115657123879
Tea - Green,2026-04-22,17,1815.5386084091606
Tea - Green,2026-04-29,18,1806.606820591549
Tea - Green,2026-05-06,19,1849.5074591324433
Tea - Green,2026-05-13,20,1825.9120839235604
Tea - Green,2026-05-20,21,1812.9461405766183
Tea - Green,2026-05-27,22,1770.0764728371948
Tea - Green,2026-06-03,23,1732.3160066054138
Tea - Green,2026-06-10,24,1722.9307447040126
Tea - Green,2026-06-17,25,1722.6839730544236
Tea - Green,2026-06-24,26,1722.6839730544236
Wheat - Hard Red,2025-12-31,1,608.6732547585406
Wheat - Hard Red,2026-01-07,2,573.7142932445446
Wheat - Hard Red,2026-01-14,3,708.2478031798219
Wheat - Hard Red,2026-01-21,4,688.2036469530087
Wheat - Hard Red,2026-01-28,5,678.7523023167963
Wheat - Hard Red,2026-02-04,6,698.0984528120646
Wheat - Hard Red,2026-02-11,7,726.5537858026022
Wheat - Hard Red,2026-02-18,8,718.8362789932899
Wheat - Hard Red,2026-02-25,9,709.4848788623524
Wheat - Hard Red,2026-03-04,10,669.3789199281357
Wheat - Hard Red,2026-03-11,11,742.3450113089822
Wheat - Hard Red,2026-03-18,12,745.1749559304241
Wheat - Hard Red,2026-03-25,13,786.4053313970876
Wheat - Hard Red,2026-04-01,14,737.1624463465815
Wheat - Hard Red,2026-04-08,15,779.2786757920047
Wheat - Hard Red,2026-04-15,16,792.9378603574011
Wheat - Hard Red,2026-04-22,17,789.0615407601181
Wheat - Hard Red,2026-04-29,18,709.2331867626658
Wheat - Hard Red,2026-05-06,19,717.8891621974692
Wheat - Hard Red,2026-05-13,20,584.3280504967823
Wheat - Hard Red,2026-05-20,21,635.6781254890957
Wheat - Hard Red,2026-05-27,22,622.9419403280446
Wheat - Hard Red,2026-06-03,23,630.2222487188151
Wheat - Hard Red,2026-06-10,24,498.11638997465406
Wheat - Hard Red,2026-06-17,25,537.5429719064146
Wheat - Hard Red,2026-06-24,26,513.4451234698515
Wheat - Soft,2025-12-31,1,2929.7553561435716
Wheat - Soft,2026-01-07,2,2992.1093631275576
Wheat - Soft,2026-01-14,3,2988.5855480183236
Wheat - Soft,2026-01-21,4,3108.254633640481
Wheat - Soft,2026-01-28,5,3082.9632796294836
Wheat - Soft,2026-02-04,6,3295.5897684039
Wheat - Soft,2026-02-11,7,3415.34427984503
Wheat - Soft,2026-02-18,8,3213.308282385205
Wheat - Soft,2026-02-25,9,3405.8832306216136
Wheat - Soft,2026-03-04,10,3223.064146297961
Wheat - Soft,2026-03-11,11,3219.762536425325
Wheat - Soft,2026-03-18,12,3340.139499415555
Wheat - Soft,2026-03-25,13,3475.1482417632524
Wheat - Soft,2026-04-01,14,3436.0815044803194
Wheat - Soft,2026-04-08,15,3156.41509198802
Wheat - Soft,2026-04-15,16,3243.6775973324875
Wheat - Soft,2026-04-22,17,3216.0674949099466
Wheat - Soft,2026-04-29,18,3240.4767859038625
Wheat - Soft,2026-05-06,19,3404.1772697801907
Wheat - Soft,2026-05-13,20,3183.6686326639133
Wheat - Soft,2026-05-20,21,3196.945814503997
Wheat - Soft,2026-05-27,22,3127.52423821165
Wheat - Soft,2026-06-03,23,2933.85473185955
Wheat - Soft,2026-06-10,24,2864.1269859687904
Wheat - Soft,2026-06-17,25,2872.4219421599764
Wheat - Soft,2026-06-24,26,2843.0727293518707
Yeast - Dry,2025-12-31,1,3244.221892595053
Yeast - Dry,2026-01-07,2,2928.2425915540034
Yeast - Dry,2026-01-14,3,3200.1962385330517
Yeast - Dry,2026-01-21,4,3084.3379866681635
Yeast - Dry,2026-01-28,5,3497.8448661777197
Yeast - Dry,2026-02-04,6,3530.339733259351
Yeast - Dry,2026-02-11,7,3656.9623849582754
Yeast - Dry,2026-02-18,8,3677.9040996714093
Yeast - Dry,2026-02-25,9,3407.061685267216
Yeast - Dry,2026-03-04,10,3719.5061845233527
Yeast - Dry,2026-03-11,11,3934.262027776614
Yeast - Dry,2026-03-18,12,3744.954890410942
Yeast - Dry,2026-03-25,13,4111.118235055508
Yeast - Dry,2026-04-01,14,4139.7608950132335
Yeast - Dry,2026-04-08,15,3811.6187684548404
Yeast - Dry,2026-04-15,16,3895.2720204333477
Yeast - Dry,2026-04-22,17,3828.767494657663
Yeast - Dry,2026-04-29,18,4008.1775590315174
Yeast - Dry,2026-05-06,19,3576.2409420910412
Yeast - Dry,2026-05-13,20,3777.553635281191
Yeast - Dry,2026-05-20,21,3739.902195776913
Yeast - Dry,2026-05-27,22,3584.002443106288
Yeast - Dry,2026-06-03,23,3658.933241929185
Yeast - Dry,2026-06-10,24,3677.2569267432805
Yeast - Dry,2026-06-17,25,3402.2201190143714
Yeast - Dry,2026-06-24,26,3244.5439598460102
