Product,gross_profit_margin,revenue_growth_qoq,operating_profit_trailing_13wk,revenue_trailing_13wk,inventory_turnover_annualized,days_sales_of_inventory,current_inventory_level,avg_inventory_trailing_window,revenue_volatility_cv,stockout_rate_trailing_26wk,proxy_risk_score,proxy_risk_label,weeks_of_inventory_cover,stockout_risk_alert
Barley,0.20861115869553495,0.019751947645129025,17041.42,156388.71000000002,285.92552882568833,1.2765561770544758,2500.0,1671.5192307692307,0.5864154872977622,0.038461538461538464,31.243851287965033,Medium,0.8669390754162617,True
Canned Tomatoes,0.20549494856997913,0.9322261044576496,50688.590000000004,490105.76999999996,728.8268557876904,0.5008048168114234,2117.0,1702.8846153846155,0.6460945971606581,0.07692307692307693,36.150883704186754,Medium,0.9048871145338554,True
Canned Tuna,0.22633676289569643,-0.29646721544086574,27692.32,215285.0,572.3088834738802,0.6377674897940988,0.0,1404.7692307692307,0.6758685612085958,0.0,33.79342806042979,Medium,0.0,True
Chickpeas,0.2230275737071112,0.016670334686297812,28496.61,227788.74000000002,14.649956181983077,24.91475028770988,64316.0,56382.67307692308,0.10699072919095201,0.0,5.3495364595476005,Low,56.67753591311655,False
Cocoa Powder,0.22041737931560249,0.04909924548184862,104010.79000000001,836871.8500000001,1099.7726304062796,0.3318867826935838,0.0,2244.096153846154,0.2744807820837388,0.038461538461538464,15.647116027263863,Low,0.0,True
Coffee - Arabica,0.20796449740252657,0.6587280954693747,78120.37,701656.83,1176.8931420132908,0.3101386072958168,2500.0,1562.6923076923076,0.5461131179768973,0.0,27.305655898844865,Medium,1.0437473580028374,True
Coffee - Robusta,0.2219739453812933,0.0650335985767764,55138.759999999995,428616.51999999996,358.26472921101583,1.0187997037939427,6137.0,3441.8653846153848,0.13561059393340166,0.0,6.780529696670083,Low,3.472039297086218,True
Corn,0.21886390447007673,-0.21488598675765772,87804.82,737978.61,1889.627995036341,0.1931597123660207,0.0,1410.25,0.5835827636620948,0.0,29.17913818310474,Medium,0.0,True
Flour - All Purpose,0.22071033069644197,0.3485762507642047,64221.47,514734.9,288.0996004079621,1.2669229651243648,11953.0,6203.442307692308,0.3859220753573307,0.0,19.296103767866533,Low,8.083262305933118,False
Lentils - Green,0.2030262212701889,-0.024339972877795133,105290.01,1018143.66,2178.047024205031,0.16758132214028848,1500.0,1418.173076923077,0.5507919980086432,0.038461538461538464,29.462676823509085,Medium,0.46163469270244084,True
Lentils - Red,0.21531453720048935,0.09819680126047774,154895.37999999998,1280688.26,974.4045279267548,0.3745877503018302,7654.0,3868.980769230769,0.22671922551890517,0.0,11.335961275945259,Low,3.7786588047644267,True
Milk Powder - Skimmed,0.20884109083526176,0.002303221776197796,36612.59,324779.38,683.020786887696,0.5343907638055739,0.0,1544.0576923076924,0.5573863038348044,0.038461538461538464,29.79239211481714,Medium,0.0,True
Milk Powder - Whole,0.20931324682788682,0.06793967154543964,16753.879999999997,158683.65,5.092615227200919,71.67240871653618,128410.0,114610.94230769231,0.1400088711128808,0.0,7.00044355564404,Low,148.2376259893852,False
Oats,0.209350134392195,-0.26138876163572483,105171.32,945772.9299999999,2090.028548263289,0.17463876285484095,0.0,1603.3846153846155,0.36775287491575503,0.0,18.387643745787752,Low,0.0,True
Palm Oil,0.2090973660093951,0.22787668894948518,138518.84,1272743.34,1423.7697679262997,0.2563616732300878,2056.0,2621.846153846154,0.3767602591281112,0.0,18.83801295640556,Low,0.919908342398101,True
Pasta - Spaghetti,0.19798939077434397,-0.17444737837075594,45052.54,444820.4,1087.72981693881,0.3355612711134616,2500.0,1361.4615384615386,0.6720172847907179,0.07692307692307693,37.44701808568974,Medium,0.8183027868943337,True
Rice - Basmati,0.2213160912363591,0.04285920583531574,54268.630000000005,412497.39,96.94418064667114,3.765053225116234,11413.0,15120.038461538461,0.14142760022238404,0.0,7.071380011119202,Low,8.745423208156371,False
Rice - White,0.210014998926207,-0.15687066268632538,96557.28,895377.43,2416.5900866141733,0.1510392689359215,2500.0,1270.0,0.6818959007328143,0.07692307692307693,37.94094888279456,Medium,1.0305549197922026,True
Salt - Iodized,0.20419901903515938,0.1011732064642205,29822.25,283871.54,702.1260685401392,0.5198496628374847,0.0,1222.1923076923076,0.7320252767389737,0.07692307692307693,40.44741768310253,Medium,0.0,True
Soybean Oil,0.20733445983604423,0.1258051388772212,95684.26,919985.9500000001,1388.0211789850173,0.26296428723580734,2500.0,1763.576923076923,0.4168097910946319,0.0,20.840489554731594,Low,1.0520281585890259,True
Spices - Black Pepper,0.2325762458396559,0.4504183572342235,112856.95999999999,828119.6100000001,1487.0140645270394,0.2454583374206969,2500.0,1592.0576923076924,0.5909912767506212,0.07692307692307693,33.39571768368491,Medium,1.0535640869375746,True
Spices - Turmeric,0.21252525226082075,0.017754416581601557,6778.110000000001,61118.29,1.2242759119430415,298.13540921564856,201836.0,182954.13461538462,0.1181486655946734,0.0,5.907433279733669,Low,300.6949770442829,False
Sugar - Raw Brown,0.22043493601099456,0.17424716708252086,41390.420000000006,338326.08999999997,466.38316939890717,0.7826182931738859,0.0,2118.576923076923,0.3101788814645548,0.0,15.50894407322774,Low,0.0,True
Sugar - White Refined,0.24151279335256762,-0.46427804400703687,24960.25,167325.96000000002,617.5265159684187,0.5910677364640755,2500.0,1351.826923076923,0.8463735168733505,0.07692307692307693,46.164829689821374,Medium,0.7209580607777986,True
Sunflower Oil,0.2135315544406453,-0.014589850779325005,9352.3,86137.48000000001,2.225854656036609,163.9819558793316,161567.0,143285.03846153847,0.12048165224461546,0.0,6.024082612230773,Low,193.6282175106681,False
Tea - Black Ceylon,0.2068227259492497,0.027223832179930834,39705.47000000001,379990.64,983.43708580132,0.37114728056303903,0.0,1363.6153846153845,0.7632212246851106,0.11538461538461539,43.930292003486294,Medium,0.0,True
Tea - Green,0.22420686404158305,0.2959734361740536,94909.17,743110.3,483.7944667819013,0.7544526137884606,6241.0,4728.365384615385,0.331100147557759,0.0,16.55500737788795,Low,3.2621056118833556,True
Wheat - Hard Red,0.2263727158600486,0.032076388631287395,42090.91,319684.32999999996,6.669994851379142,54.72268092148971,193774.0,175663.17307692306,0.12800453958792096,0.0,6.400226979396048,Low,300.56005844500925,False
Wheat - Soft,0.23493137252459745,-0.16551017456823539,50044.77,353263.76,1643.4790969237094,0.22208983411058458,1500.0,1028.9615384615386,1.2887656033089017,0.3076923076923077,79.82289555006047,High,0.49922184207516046,True
Yeast - Dry,0.22162642687086484,-0.18793749154857103,63271.94,498385.15,1374.4945620062842,0.26555216010984206,2500.0,1309.7307692307693,0.8220916833380658,0.11538461538461539,46.87381493613406,Medium,0.8027615827313173,True
