Product,current_price,recommended_price,price_change_pct,demand_index,demand_multiplier,weeks_of_cover,inventory_gap,inventory_multiplier,raw_multiplier,risk_label,risk_guardrail_note,competitive_cap_applied,quadrant
Barley,7.47,8.06,0.07835448012657609,1.000259262954061,1.000025926295406,0.8669390754162617,0.7832652311459346,1.0783265231145935,1.078354480126576,Medium,no adjustment,False,"Off-peak + Low stock -> hold price, protect future supply"
Canned Tomatoes,21.49,23.21,0.08011479067765137,1.0254039807091038,1.0025403980709104,0.9048871145338554,0.7737782213665362,1.0773778221366537,1.0801147906776514,Medium,no adjustment,False,"Off-peak + Low stock -> hold price, protect future supply"
Canned Tuna,14.42,15.83,0.09752757588831074,0.9775234171664607,0.9977523417166461,0.0,1.0,1.1,1.0975275758883107,Medium,no adjustment,False,"Off-peak + Low stock -> hold price, protect future supply"
Chickpeas,18.3,15.56,-0.15000000000000002,1.0477378152105612,1.004773781521056,56.67753591311655,-3.0,0.7,0.7033416470647391,Low,no adjustment,True,Off-peak + High stock -> clearance markdown
Cocoa Powder,38.61,42.68,0.1055254248553752,1.0502311350488631,1.0050231135048864,0.0,1.0,1.1,1.1055254248553752,Low,no adjustment,False,Peak demand + Low stock -> scarcity premium
Coffee - Arabica,31.73,34.09,0.07444114059247453,1.0049801787600305,1.000498017876003,1.0437473580028374,0.7390631604992907,1.0739063160499291,1.0744411405924745,Medium,no adjustment,False,"Off-peak + Low stock -> hold price, protect future supply"
Coffee - Robusta,22.46,22.89,0.01895893160552853,1.0568487921206455,1.0056848792120645,3.472039297086218,0.1319901757284455,1.0131990175728445,1.0189589316055285,Low,no adjustment,False,Peak demand + Low stock -> scarcity premium
Corn,47.02,52.0,0.1058199159285087,1.0529083266228056,1.0052908326622805,0.0,1.0,1.1,1.1058199159285087,Medium,no adjustment,False,Peak demand + Low stock -> scarcity premium
Flour - All Purpose,33.1,29.89,-0.09702719145043015,1.0562898138572616,1.0056289813857262,8.083262305933118,-1.0208155764832796,0.8979184423516721,0.9029728085495698,Low,no adjustment,False,"Peak demand + High stock -> modest premium, no urgency"
Lentils - Green,50.79,55.72,0.09713853167491715,1.0797402376613654,1.0079740237661365,0.46163469270244084,0.8845913268243898,1.088459132682439,1.0971385316749172,Medium,no adjustment,False,Peak demand + Low stock -> scarcity premium
Lentils - Red,64.66,65.52,0.013237287148066601,1.076613628867152,1.0076613628867153,3.7786588047644267,0.05533529880889332,1.0055335298808894,1.0132372871480666,Low,no adjustment,False,Peak demand + Low stock -> scarcity premium
Milk Powder - Skimmed,15.79,17.28,0.09457749258532511,0.9507044780484087,0.9950704478048409,0.0,1.0,1.1,1.094577492585325,Medium,no adjustment,False,"Off-peak + Low stock -> hold price, protect future supply"
Milk Powder - Whole,16.3,13.86,-0.15000000000000002,1.0370361936076746,1.0037036193607674,148.2376259893852,-3.0,0.7,0.7025925335525371,Low,no adjustment,True,Off-peak + High stock -> clearance markdown
Oats,50.94,56.33,0.10579792723186365,1.0527084293805775,1.0052708429380577,0.0,1.0,1.1,1.1057979272318637,Low,no adjustment,False,Peak demand + Low stock -> scarcity premium
Palm Oil,60.18,65.55,0.08929679146874214,1.1141548177419012,1.01141548177419,0.919908342398101,0.7700229144004748,1.0770022914400474,1.0892967914687421,Low,no adjustment,False,Peak demand + Low stock -> scarcity premium
Pasta - Spaghetti,28.08,30.35,0.08077814740120903,1.011446674432169,1.001144667443217,0.8183027868943337,0.7954243032764166,1.0795424303276417,1.080778147401209,Medium,no adjustment,False,"Off-peak + Low stock -> hold price, protect future supply"
Rice - Basmati,28.85,25.49,-0.11647898896222153,1.0244687803733512,1.0024468780373352,8.745423208156371,-1.1863558020390927,0.8813644197960907,0.8835210110377785,Low,no adjustment,False,Off-peak + High stock -> clearance markdown
Rice - White,62.54,67.42,0.07803732617628034,1.0353851362426467,1.0035385136242647,1.0305549197922026,0.7423612700519493,1.074236127005195,1.0780373261762803,Medium,no adjustment,False,"Off-peak + Low stock -> hold price, protect future supply"
Salt - Iodized,16.78,18.4,0.09630901590590502,0.9664455991445912,0.9966445599144591,0.0,1.0,1.1,1.096309015905905,Medium,no adjustment,False,"Off-peak + Low stock -> hold price, protect future supply"
Soybean Oil,42.7,45.97,0.07650226834811447,1.0261057478866795,1.002610574788668,1.0520281585890259,0.7369929603527435,1.0736992960352743,1.0765022683481145,Low,no adjustment,False,"Off-peak + Low stock -> hold price, protect future supply"
Spices - Black Pepper,43.71,46.9,0.07307519724263556,0.9945448270947489,0.9994544827094749,1.0535640869375746,0.7366089782656063,1.0736608978265607,1.0730751972426356,Medium,no adjustment,False,"Off-peak + Low stock -> hold price, protect future supply"
Spices - Turmeric,9.03,7.68,-0.15000000000000002,1.0985788836800037,1.0098578883680003,300.6949770442829,-3.0,0.7,0.7069005218576001,Low,no adjustment,True,"Peak demand + High stock -> modest premium, no urgency"
Sugar - Raw Brown,14.29,15.95,0.1160950525222404,1.1463186592930943,1.0146318659293094,0.0,1.0,1.1,1.1160950525222404,Low,no adjustment,False,Peak demand + Low stock -> scarcity premium
Sugar - White Refined,15.14,16.57,0.094680095703634,1.1174152352163396,1.011741523521634,0.7209580607777986,0.8197604848055504,1.081976048480555,1.094680095703634,Medium,no adjustment,False,Peak demand + Low stock -> scarcity premium
Sunflower Oil,10.08,8.57,-0.15000000000000002,1.0712994645347056,1.0071299464534706,193.6282175106681,-3.0,0.7,0.7049909625174294,Low,no adjustment,True,"Peak demand + High stock -> modest premium, no urgency"
Tea - Black Ceylon,25.22,27.88,0.10547590121075667,1.049780920097787,1.0049780920097786,0.0,1.0,1.1,1.1054759012107567,Medium,no adjustment,False,"Off-peak + Low stock -> hold price, protect future supply"
Tea - Green,36.09,37.03,0.026111856526257693,1.0752566811659021,1.0075256681165903,3.2621056118833556,0.1844735970291611,1.018447359702916,1.0261118565262577,Low,no adjustment,False,Peak demand + Low stock -> scarcity premium
Wheat - Hard Red,48.24,41.0,-0.15000000000000002,1.1039186991921668,1.0103918699192167,300.56005844500925,-3.0,0.7,0.7072743089434517,Low,no adjustment,True,"Peak demand + High stock -> modest premium, no urgency"
Wheat - Soft,39.36,42.9,0.08984646526593099,1.0213974224494289,1.002139742244943,0.49922184207516046,0.8751945394812098,1.087519453948121,1.089846465265931,High,no adjustment,False,"Off-peak + Low stock -> hold price, protect future supply"
Yeast - Dry,37.66,40.54,0.07642172240247125,0.9675049780233811,0.9967504978023382,0.8027615827313173,0.7993096043171707,1.079930960431717,1.0764217224024712,Medium,no adjustment,False,"Off-peak + Low stock -> hold price, protect future supply"
